Fold,RMSE
1,203.04360173101705
2,307.9906215692028
3,2728.4454109793114
4,2354.132606559628
5,2656.676638179418
