Fold,RMSE
1,37.177244715969586
2,43.934925839378515
3,30.969630713168446
4,36.24427783336438
5,39.012240092557725
