Model,R_squared,Adj_R_squared,AIC,BIC
Model 1 (базовая),0.015489643337995282,0.01359562572225459,92920.92718038977,92999.62489852271
Model 2 (+ категориальные),0.04930056492117363,0.042984859412639076,91843.15653068529,92078.8605672251
Model 3 (log трансформация),0.528491242986186,0.5253589065777315,4871.479200145871,5107.183236685687
Model 4 (+ взаимодействия),0.5379468277945577,0.5343313882624339,4779.091278446717,5054.079321076502
Model 5 (stepwise),0.5327877574269619,0.5293160982134744,4832.308435825392,5094.2018097585205
